[
  {
    "fieldGroupClassName": "row",
    "fieldGroup": [
      {
        "className": "col-4",
        "type": "input",
        "key": "firstName",
        "templateOptions": {
          "label": "First Name",
          "required": true
        }
      },
      {
        "className": "col-4",
        "type": "input",
        "key": "middlename",
        "templateOptions": {
          "label": "Middle name"
        }
      },
      {
        "className": "col-4",
        "type": "input",
        "key": "lastName",
        "templateOptions": {
          "label": "Last Name",
          "required": true
        },
        "expressionProperties": {
          "templateOptions.disabled": "!model.firstName"
        }
      }
    ]
  },
  {
    "key": "username",
    "type": "input",
    "templateOptions": {
      "label": "Username",
      "required": true
    }
  },
  {
    "validators": {
      "validation": [
        { "name": "fieldMatch", "options": { "errorPath": "passwordConfirm" } }
      ]
    },
    "fieldGroup": [
      {
        "key": "password",
        "type": "input",
        "templateOptions": {
          "type": "password",
          "label": "Password",
          "placeholder": "Must be at least 3 characters",
          "required": true,
          "minLength": 3
        }
      },
      {
        "key": "passwordConfirm",
        "type": "input",
        "templateOptions": {
          "type": "password",
          "label": "Confirm Password",
          "placeholder": "Please re-enter your password",
          "required": true
        }
      }
    ]
  },
  {
    "fieldGroupClassName": "row",
    "fieldGroup": [
      {
        "className": "col-6",
        "key": "gender",
        "type": "select",
        "templateOptions": {
          "label": "Gender",
          "options": [
            {"label": "Male", "value": "male"},
            {"label": "Female", "value": "female"}
          ]
        }
      },
      {
        "className": "col-6",
        "key": "date",
        "type": "input",
        "templateOptions": {
          "label": "Date",
          "type": "date"
        }
      }
    ]
  }
]