[
    {
        "id": 1,
        "pages": {
            "pageStart": 11,
            "pageEnd": 20
        }, 
        "class": "Primary Info",
        "conf_score": 90,
        "pageImages": ["images/card-1.jpg", "images/card-2.jpg", "images/card-3.jpg", "images/card-4.jpg"],
        "extr_results": [
            {
                "defineName": "payement due date",
                "extrData": "11-04-1995",
                "sampleData": "11-04-1995",
                "conf_score": 50
            },
            {
                "defineName": "payement due date",
                "extrData": "10-05-1995",
                "sampleData": "10-05-1995",
                "conf_score": 80
            }
        ]
    },
    {
        "id": 2,
        "pages": {
            "pageStart": 21,
            "pageEnd": 30
        }, 
        "class": "Invoice Number",
        "conf_score": 70,
        "pageImages": ["images/card-5.jpg", "images/card-6.jpg", "images/card-7.jpg", "images/card-8.jpg"],
        "extr_results": [
            {
                "defineName": "payement due date",
                "extrData": "04-04-1995",
                "sampleData": "04-04-1995",
                "conf_score": 10
            },
            {
                "defineName": "payement due date",
                "extrData": "05-05-1995",
                "sampleData": "05-05-1995",
                "conf_score": 30
            }
        ]
    }
]